rank,title,url,artists,thumbnail,release_date,last_week_position,weeks_on_chart,weekly_views
1,Golden,https://www.youtube.com/watch?v=yebNIHKAC4A,"HUNTR/X, EJAE, AUDREY NUNA, REI AMI, KPop Demon Hunters Cast",https://lh3.googleusercontent.com/1U-1pXbvkpvGXGUIFs5m6RXz4Fmdvqo1zzQw8eY7b4G9iwpE6vaRclt8Ov5CS8ldROIQGu2InpGuSJSW=w180-h180-l90-rj,"Jun 19, 2025",1,20,"89,355,831"
2,Soda Pop,https://www.youtube.com/watch?v=983bBbJx0Mk,"Saja Boys, Andrew Choi, Neckwav, Danny Chung, KEVIN WOO, samUIL Lee, KPop Demon Hunters Cast",https://lh3.googleusercontent.com/XD2LrVCu9Y_EwxkKpkVFcXXbJa14w_Z_AFGOuJ5fY935mlAEsowjxAXA_9m5PDNEDTOOU3dZDVTBuEVq=w180-h180-l90-rj,"Jun 19, 2025",2,20,"47,048,994"
3,Your Idol,https://www.youtube.com/watch?v=cWppAbqm9I8,"Saja Boys, Andrew Choi, Neckwav, Danny Chung, KEVIN WOO, samUIL Lee, KPop Demon Hunters Cast",https://lh3.googleusercontent.com/ogvvJ4j4vEP1XxsfAJ1wZs-O7dRUe_9Ek_8ui-A9QZ59WaNhB4DPaND_SCsa3uYb6Wq3N69w8mJOF7oE=w180-h180-l90-rj,"Jun 19, 2025",3,20,"29,662,145"
4,Pal Pal,https://www.youtube.com/watch?v=8of5w7RgcTc,"Afusic, AliSoomroMusic",https://lh3.googleusercontent.com/NvWDX61hm3gfFqae09LUlHKmzeHMetBijO_b21cmjnaU2i0KJrHHjq_YLiSLZcK6oSTZkeF3JbTAmdQOSg=w180-h180-l90-rj,"Feb 17, 2025",8,31,"28,652,829"
5,How It’s Done,https://www.youtube.com/watch?v=QGsevnbItdU,"HUNTR/X, EJAE, AUDREY NUNA, REI AMI, KPop Demon Hunters Cast",https://lh3.googleusercontent.com/83QIElJm0JGq2HfzPIvwPrCSFFdpkzC3mvLo5wl739f_wrGk2kYJJHRd6c1V_TQy4UV5gpdCgVMEEI5Jnw=w180-h180-l90-rj,"Jun 19, 2025",4,19,"26,313,860"
6,Saiyaara,https://www.youtube.com/watch?v=BSJa1UytM8w,"Tanishk Bagchi, Faheem Abdullah, Arslan Nizami, Irshad Kamil",https://lh3.googleusercontent.com/0lPp5SGRnGUn0NWQvBCIONNZVe7T4PTtgvFSg9Tqx3UHUjqu0-DpqC-kpSApkwa04gdi-7nhW5nSmj06cQ=w180-h180-l90-rj,"Jun 3, 2025",5,18,"26,161,851"
7,IRIS OUT,https://www.youtube.com/watch?v=LmZD-TU96q4,Kenshi Yonezu,https://lh3.googleusercontent.com/VGf2lFXKQdSyrz2g3Czj66doPtUxvJBrWDK6UFeOj8zRqS-tgs_D8FG5-8pYTX-Uh9FxZBDJIXtN1nKF=w180-h180-l90-rj,"Sep 14, 2025",6,8,"23,993,806"
8,TABOLA BALE,https://www.youtube.com/watch?v=F0d8JJUNkqo,"SILET OPEN UP, Jacson Zeran, Juan Reza, Diva Aurel",https://lh3.googleusercontent.com/HxJjyBXxR_eG32d-QKwLjMj7aDovmaEjPhuJdJSdT4Kna0WdvvgpZeUKsYafrIYABXkOfayg1GxBBHWg=w180-h180-l90-rj,"Apr 3, 2025",9,18,"23,172,182"
9,Payal Ki Khanak,https://www.youtube.com/watch?v=lKxH2xdwdgQ,"Anil Rawat, Kajal Hathrasi",https://lh3.googleusercontent.com/0QRq0hY5hsJEQfYgLYiDlMC2RbYAAr5NCkr01xQtcTkPzxgOxSEx2S8fzqr1rPu7yhlMR68fOQ3sKbn9=w180-h180-l90-rj,"Sep 9, 2025",7,8,"22,190,266"
10,The Fate of Ophelia,https://www.youtube.com/watch?v=ko70cExuzZM,Taylor Swift,https://lh3.googleusercontent.com/IGn0WKCoBHXAwi9jMtSdxxfRKiNGLcdnl-TGfA7lgphQsupUR_RuAjQv5TjFsiVOiLISZXH6RDDPUPI=w180-h180-l90-rj,"Oct 2, 2025",14,5,"21,104,999"
11,Deewaniyat,https://www.youtube.com/watch?v=Qo4IOTAbGAM,Vishal Mishra,https://lh3.googleusercontent.com/sRHMm6JYF7_XRzGBAQmDH3VtPhMDkVH9ajTRGU22WC1MhE_Xa19PFB-KMT1Toc-PZCuXJP-F2JwK3T8S=w180-h180-l90-rj,"Aug 28, 2025",11,10,"20,834,890"
12,Gabriela,https://www.youtube.com/watch?v=CjnB56tSCQI,KATSEYE,https://lh3.googleusercontent.com/Boy9TIypluE9O8sPJO_lM_ldzEi22070TzsJDoB4TkhXUzDsneRqhjWTRVtBSrDHwuw4afG6GdAd46LHSQ=w180-h180-l90-rj,"Jun 20, 2025",13,20,"18,745,990"
13,Sahiba,https://www.youtube.com/watch?v=n2dVFdqMYGA,Aditya Rikhari,https://lh3.googleusercontent.com/Ul_rEl0e18WiBv-HIKRla87l0-K8uNSrKmFIwR6N0206bAAF27juOMDfBydQK1UOjRJ1SCxNuCPd2l56=w180-h180-l90-rj,"Dec 19, 2023",12,17,"18,278,140"
14,SPAGHETTI (feat. j-hope),https://www.youtube.com/watch?v=TvVtYaqCni8,LE SSERAFIM,https://lh3.googleusercontent.com/xK6zmSTXLvl7CErbpTUk2j_KcN8S06uwJr0XWZDd8UgHNq5nEUwgI5Xk2lviE-mrf1uVeVtNRmXD58js=w180-h180-l90-rj,"Oct 24, 2025",10,2,"17,520,677"
15,Sundari,https://www.youtube.com/watch?v=WpBn9w-Js_c,"Sanju Rathod, G-Spark",https://lh3.googleusercontent.com/CcdYFYzUeubhtwIFoWNnij50GZXvTNwvAsYQ8X6bgvrgFam30KPSmP3H6wNUTzz99UfxbQst4K5pUzuqqQ=w180-h180-l90-rj,"Sep 10, 2025",16,7,"17,209,893"
16,Ordinary,https://www.youtube.com/watch?v=u2ah9tWTkmk,Alex Warren,https://lh3.googleusercontent.com/tB_LIQW9A3UqBMgiACcd3znkQqJiLkVxr3riaH7JiTL6rhTpIfLEbTz2S_9y5k1vGkjfvl8illYpPbA=w180-h180-l90-rj,"Sep 26, 2024",15,32,"16,655,210"
17,Posso Até Não Te Dar Flores (feat. DJ DAVI DOGDOG),https://www.youtube.com/watch?v=ztC8bM-EYOg,"DJ Japa NK, MC MENO K, MC Ryan SP, MC Jacaré",https://lh3.googleusercontent.com/mRPZYtHFNkEXAFBgAlR7gKoxmx9YhsMTvHl8zCDC0lPdp-nmaqI0EtlKQ_RhwMCY4xRnSoKm2cXxNd5B=w180-h180-l90-rj,"Sep 4, 2025",21,3,"16,083,941"
18,El Mayor de los Ranas,https://www.youtube.com/watch?v=4Ez2wJnlwag,"Victor Valverde, Jr Torres",https://lh3.googleusercontent.com/te1qJ2RUESuGe-8kIiJUSzHaXi2Rr1hYnM4aUwglQad2L-CNM1TykNblBmT3ngf2SenU5Sc4nLmbpgeqZw=w180-h180-l90-rj,"Sep 3, 2024",17,42,"15,331,303"
19,뛰어,https://www.youtube.com/watch?v=CgCVZdcKcqY,BLACKPINK,https://lh3.googleusercontent.com/9h5EMc3LktccxFy-3bznozFCwYSU1YnU0agJZssvGqDj3UDrtFC7FgPHjDrtUG3dGAP45uEPBxDYLBg=w180-h180-l90-rj,"Jul 11, 2025",24,17,"14,000,246"
20,Oorum Blood,https://www.youtube.com/watch?v=4Bsc2uI_LsM,"Sai Abhyankkar, Paal Dabba, Bebhumika, Deepthi Suresh",https://lh3.googleusercontent.com/neWzCg5FpfvHVBIMVIxpSLjPYe_Eoj8-NYiLkT5tmO4ENVKcJGQrftRIVbBujqsP8p8ENqZZnuQabNv8=w180-h180-l90-rj,"Aug 28, 2025",18,10,"13,587,402"
21,Saiyaara Reprise - Female,https://www.youtube.com/watch?v=-lVzdxgVNeg,"Tanishk Bagchi, Faheem Abdullah, Arslan Nizami, Shreya Ghoshal, Irshad Kamil",https://lh3.googleusercontent.com/UWd3mZFFe4mSkQp7tkrD4TscClXmIbtVYMTbVPLkm25US4oPw0UIS8Dfa9WOB6SOxbQk4Rypvgwx_DzK=w180-h180-l90-rj,"Jul 4, 2025",19,16,"13,567,673"
22,Shaky,https://www.youtube.com/watch?v=sUf2PtEZris,"Sanju Rathod, G-Spark",https://lh3.googleusercontent.com/j6r-vjZ4tY2AlScNLSCshTdvZ4mGxga2VlTRCupta2SbEjP5WISoN0Ef0Xqf0OoN-odlnrAA1ia_l4M=w180-h180-l90-rj,"Apr 21, 2025",20,25,"13,429,919"
23,TODO KE VER,https://www.youtube.com/watch?v=FQmNXNh8w2k,"Jere Klein, Katteyes, Mateo on the Beatz",https://lh3.googleusercontent.com/Ustsc3nouhohc5x-wA0VCqz-dksknqdmYDhH_0ofjr1pZJS9kk9kI3fgYsEX3eyoJW3VuONFf6lzBm0=w180-h180-l90-rj,"Aug 13, 2025",22,12,"13,365,953"
24,Unstoppable,https://www.youtube.com/watch?v=cfhwSpSDA9c,Sia,https://i.ytimg.com/vi/cfhwSpSDA9c/default.jpg,"Jan 21, 2016",-,54,"13,340,912"
25,Laal Pari,https://www.youtube.com/watch?v=KGn-erOG-Bs,"Yo Yo Honey Singh, Simar Kaur",https://lh3.googleusercontent.com/IlB_k-DBSPYz6lYVHNMn_MLKCxZk09Le4XopHv9SSyw9HSRiyO25W5nrbcBW9c8dohWufRlg7e5MG_haMg=w180-h180-l90-rj,"May 3, 2025",28,27,"13,149,918"
26,Bol Kaffara Kya Hoga,https://www.youtube.com/watch?v=r_lxE7kF0Fo,"DJ Chetas, Neha Kakkar, Farhan Sabri",https://lh3.googleusercontent.com/lWmur7nnXCDPmnFe9FiyvYuoZRjZFfr_n4TtKJUzukIndppCZxbOYjKD08-mKeKx-ZZdgGo8m7Ddv0TT=w180-h180-l90-rj,"Sep 25, 2021",29,7,"13,060,867"
27,For A Reason,https://www.youtube.com/watch?v=-YlmnPh-6rE,"Karan Aujla, Ikky",https://lh3.googleusercontent.com/BzOBERVwxHIkVDpePVN8mnT0MID3cySSHcZvY84FHusBL78dxkdpWBBk8o4O5e8BaenNlHKlI9fWb_Rccw=w180-h180-l90-rj,"Aug 22, 2025",25,11,"12,895,162"
28,MONTAGEM RUGADA,https://www.youtube.com/watch?v=Hd5nXTyaXZg,"cape, JXNDRO, Sayfalse",https://i.ytimg.com/vi/Hd5nXTyaXZg/default.jpg,"Aug 26, 2025",23,5,"12,732,870"
29,Free,https://www.youtube.com/watch?v=fjOeJssZX_Q,"Rumi, Jinu, EJAE, Andrew Choi, KPop Demon Hunters Cast",https://lh3.googleusercontent.com/ogvvJ4j4vEP1XxsfAJ1wZs-O7dRUe_9Ek_8ui-A9QZ59WaNhB4DPaND_SCsa3uYb6Wq3N69w8mJOF7oE=w180-h180-l90-rj,"Jun 19, 2025",26,19,"12,503,542"
30,Jhol,https://www.youtube.com/watch?v=-2RAq5o5pwc,"Maanu, Annural Khalid",https://lh3.googleusercontent.com/GP9v2CnfMkE8wF3zy1An4FECREeFYy-6Y4iS2OwvISYnOTF09e6sSfD5XYuUjgaiczGvliqbycu3Yp27=w180-h180-l90-rj,"Jun 14, 2024",37,39,"12,400,707"
31,What It Sounds Like,https://www.youtube.com/watch?v=TbMEMCvFbZk,"HUNTR/X, EJAE, AUDREY NUNA, REI AMI, KPop Demon Hunters Cast",https://lh3.googleusercontent.com/ogvvJ4j4vEP1XxsfAJ1wZs-O7dRUe_9Ek_8ui-A9QZ59WaNhB4DPaND_SCsa3uYb6Wq3N69w8mJOF7oE=w180-h180-l90-rj,"Jul 11, 2025",27,17,"12,281,008"
32,"Takedown (feat. Jeongyeon, JIHYO & CHAEYOUNG)",https://www.youtube.com/watch?v=l8Dr7vzMSVE,TWICE,https://i.ytimg.com/vi/l8Dr7vzMSVE/default.jpg,"Jun 23, 2025",31,19,"12,258,511"
33,Marlboro Rojo,https://www.youtube.com/watch?v=ddkbVYutRXA,Fuerza Regida,https://lh3.googleusercontent.com/wcctzBOL_SevQ9q9eq-J1V1fnQluovKWND7x5U3aYJLijtTeBXOIMICPrMnHQGL6FmOzasTAv6DsT79V=w180-h180-l90-rj,"May 2, 2025",30,25,"12,158,818"
34,Seni Düşündüm,https://www.youtube.com/watch?v=3OGl69sY9Ys,"Çağla, Doğu Swag",https://lh3.googleusercontent.com/nVx5EpEAccZfwnoKATg0UH68OLDyZ23c70lsnSMqha1CfY9xwtX8u2JEVGleFXBqo7NQ7tpC4maI77XK=w180-h180-l90-rj,"Jul 24, 2025",32,13,"12,143,205"
35,Mann Mera,https://www.youtube.com/watch?v=1onhvVnL8B8,Gajendra Verma,https://lh3.googleusercontent.com/TgXLMPYMlJJza87p1HQF82KftK4Y7xjVdaLwqUJ8ME6ZGFTdQQNqsqLDO9f1L3_I3Yvao7wXFjbzVfkD=w180-h180-l90-rj,"Apr 1, 2013",48,10,"12,024,005"
36,RANU BOMBAI KI RANU,https://www.youtube.com/watch?v=2voCBpYfFI4,"Ramu Rathod, Singer Prabha, Kalyan Keys",https://lh3.googleusercontent.com/2uaAD1cHRojvcyT0zPQWDKK4Y0yL2gJgo2ieML3m5FkPLNCPRWAjr5Av1swdQ8qURL3OAsE4jbuWMvnM=w180-h180-l90-rj,"Jan 22, 2025",34,40,"11,782,473"
37,PASSO BEM SOLTO (Slowed),https://www.youtube.com/watch?v=NT4eF9YsYnM,ATLXS,https://i.ytimg.com/vi/NT4eF9YsYnM/default.jpg,"Apr 23, 2024",35,33,"11,529,886"
38,Frecuencia,https://www.youtube.com/watch?v=ebXEaHEYYng,Los Dareyes De La Sierra,https://lh3.googleusercontent.com/6yo7bduDl8ZkSpJqvHjR4-0pfTzwPyQFOAKBD9GojCZvQ090w2j_cYgeE_OXAdU5GeWLaV6C2kKaOCqs=w180-h180-l90-rj,"Jun 5, 2025",38,19,"11,524,561"
39,Jhoom Sharaabi,https://www.youtube.com/watch?v=-v3a9CffY28,"Yo Yo Honey Singh, Athar Hayat",https://lh3.googleusercontent.com/p_wDHjE7XgRM2kB4MgooaxpJylDEAAbHWpGuTbi5e1B9R6h009brfocLqeHT5QXib12RFW1WlKGIf2o=w180-h180-l90-rj,"Oct 29, 2025",-,1,"11,452,526"
40,YOGURCITO (Remix) (feat. ROA & Yan Block),https://www.youtube.com/watch?v=CHXzLUzzW5c,"Blessd, Anuel AA, Kris R., Luar La L",https://lh3.googleusercontent.com/uCcxVmklksFgHeXjBHat51z0J9nZ8_LUtvjAK7dUvZcd6emZGYRu0s6Xv7eFatN-yw4Rq0ENWF8v6t4=w180-h180-l90-rj,"May 16, 2024",46,10,"11,380,686"
41,En Privado,https://www.youtube.com/watch?v=kE1-O0tU-UU,"Xavi, Manuel Turizo",https://lh3.googleusercontent.com/myLU1dWKKL8xPu1N-pdM1lNChUAxzpWHhaApJY-eTCKwOwLZJ3lVXghue8cXfv3zSWoreGdmivYgpiU=w180-h180-l90-rj,"Feb 6, 2025",39,37,"11,297,790"
42,Çıkmaz Bir Sokakta,https://www.youtube.com/watch?v=cLygvXtuklI,Semicenk,https://lh3.googleusercontent.com/VThyigASP0bk9Ge0zI82u6Xz4IDuzva3XhasxemNsRZ77XA-u91-ScuGe1CK-OnzHinUFMexIMUXfRmd=w180-h180-l90-rj,"Oct 23, 2025",43,2,"11,250,599"
43,Iris,https://www.youtube.com/watch?v=NdYWuo9OFAw,The Goo Goo Dolls,https://lh3.googleusercontent.com/uTzba0Dgl5G4ZjeNx8aYEFDii37F5Gs2yKWdLi89RJm3ngG1nRg-VyYu0P0OTM5HN94DEbuHDJMqHDkvaA=w180-h180-l90-rj,"Mar 31, 1998",-,23,"11,243,857"
44,MONTAGEM XONADA,https://www.youtube.com/watch?v=sC2b43vxJbQ,"MXZI, Dj Samir, DJ Javi26",https://lh3.googleusercontent.com/Q5UwGoyybGCmgsNQuhhUw6WR317kL5oONkCWRn-Cyyv6Ou3ugDlTZ8JUGQ7kGJ5CC6Ep6aXtvr_Ra-qg=w180-h180-l90-rj,"Jul 2, 2025",33,13,"11,153,788"
45,JANE DOE,https://www.youtube.com/watch?v=sPLqsLsooJY,"Kenshi Yonezu, Hikaru Utada",https://lh3.googleusercontent.com/Gn65QHGx26uZBC6Xtnn31y8TdqoIKqoa9az2Yw8ThFnA8EpszdJCoaCMbEiRjKa6kvStFWT9SkQHf0M=w180-h180-l90-rj,"Sep 21, 2025",40,7,"11,122,549"
46,AZUL,https://www.youtube.com/watch?v=vB0V3iCSzQw,"Guru Randhawa, Gurjit Gill, Lavish Dhiman",https://lh3.googleusercontent.com/yLhbDGXBtNLXSHlG1KaBk-x3L_e1Ewg1a4SQp5Om4-LHMYcpYZ-NipZf7OrcjEVkL7HxF4VZ9b2Lb4fFsA=w180-h180-l90-rj,"Aug 5, 2025",36,13,"10,932,384"
47,La Plena (W Sound 05),https://www.youtube.com/watch?v=F1_aOX0acbY,"W Sound, Beéle, Ovy On The Drums",https://lh3.googleusercontent.com/58MvPSGUVFo_Wn_3hbVI4QhTD_v-peEC4jFFrFzor1OHN8F79tRLRaCBRcBVz7cKWO2sYhvWp-lweeRBzA=w180-h180-l90-rj,"Feb 20, 2025",44,36,"10,661,987"
48,Night Changes,https://www.youtube.com/watch?v=syFZfO_wfMQ,One Direction,https://lh3.googleusercontent.com/fyfca39b6OXF-CpPJqI9ykwo9djxZROQcbAMfnO-oE7Yr4PLxpWZazQjW49qpW2I293WC6_ddDQyHe4=w180-h180-l90-rj,"Nov 14, 2014",-,25,"10,654,162"
49,P do Pecado (Ao Vivo),https://www.youtube.com/watch?v=eAIivxKZYZw,"Grupo Menos É Mais, Simone Mendes",https://lh3.googleusercontent.com/QyArkYieJBeh7Ax2Q3I69nMbbFCxp-fsmouADHRfraiJXZV8q2GoeEvtoka-V0nAgGyQNIQ5uS6iTLmz=w180-h180-l90-rj,"Apr 29, 2025",41,21,"10,621,205"
50,แก้บน,https://www.youtube.com/watch?v=hBK29bbOLS4,ก้านตอง ทุ่งเงิน,https://lh3.googleusercontent.com/Fw5UN_8VENuFdLW3HPp5z_6cv-PAGWnL7YsaZn6ySs4a-8zi5oBPDuCqkWts_KVJMnQQB1YognAA6Hg=w180-h180-l90-rj,"Oct 1, 2025",49,3,"10,554,737"
51,Have You Ever Seen The Rain,https://www.youtube.com/watch?v=u1V8YRJnr4Q,Creedence Clearwater Revival,https://lh3.googleusercontent.com/8idZ5vqqC-UO_uSN9VZch3q2sNTEsWkP9JPYEbAPLuIO26Iv2fEXfwK5Ls9x8Cu7ntwSeHqo0JS_hsWe=w180-h180-l90-rj,"Dec 9, 1970",77,2,"10,316,587"
52,back to friends,https://www.youtube.com/watch?v=c8zq4kAn_O0,sombr,https://lh3.googleusercontent.com/3MXiigZPuOrnx5imqnNpcemYNlkYqCoMeZBnCr8obqew8nNUf-cFqviScHNNo207t_7hs4ToWW_vvc862g=w180-h180-l90-rj,"Apr 3, 2025",54,20,"10,205,361"
53,Berghain,https://www.youtube.com/watch?v=htQBS2Ikz6c,"ROSALÍA, Björk, Yves Tumor",https://lh3.googleusercontent.com/dTpYWRisnoZ56BD2GCI_DblY8iJdhwAEg3IAlqbVfn0zBuZBNFBFmX8ZH-OwNV3Cq2k1zojPYcMVgz7e=w180-h180-l90-rj,"Oct 27, 2025",42,2,"10,096,348"
54,El Beneficio De La Duda,https://www.youtube.com/watch?v=iIgsCYgo5P4,Grupo Firme,https://lh3.googleusercontent.com/qtmdORuF3VSAEFpmhk8F4Qn4jmQrQl_90iipVPpTp9ay6A3llKb5XUqbdSWgm8baMkvZw3R-U_Ec2E0=w180-h180-l90-rj,"May 27, 2024",57,26,"10,077,000"
55,All I Want for Christmas Is You,https://www.youtube.com/watch?v=aAkMkVFwAoo,Mariah Carey,https://lh3.googleusercontent.com/p2KexwmjEYAxWpU8YDL5ZO-BcH1Qnr51nznrX04W-5a16aKWCAwCaEgzwP7cMrCjJhmlJvuxilrCXU0=w180-h180-l90-rj,"Oct 28, 1994",-,67,"10,001,368"
56,Naam Chale,https://www.youtube.com/watch?v=tYKrORILFOg,Vikram Sarkar,https://lh3.googleusercontent.com/FM3a61a3rOPOSqCn2z2mTZytekT3W3IGTzwJLCziejt5HtRmGnepx2ECJJL2PcJlbIyLds_7DjiY1Ccy=w180-h180-l90-rj,"Jul 1, 2025",47,13,"9,956,251"
57,HOLLYWOOD,https://www.youtube.com/watch?v=rCL8-CiGSmc,"Peso Pluma, Estevan Plazola",https://lh3.googleusercontent.com/ogwQxmDX8MzAYHvAGZYCn69B2mu6O8p7X7Z0tQWucQvOnREKOuCt6Udh0Ob3OCKRhHk44j9vmMT78E0=w180-h180-l90-rj,"Jun 20, 2024",-,27,"9,752,362"
58,Tum Ho Toh,https://www.youtube.com/watch?v=rOUuGvJkBrQ,"Vishal Mishra, Hansika Pareek",https://lh3.googleusercontent.com/s58GQHGHBILW5g-zX03kg_7jUGWA5IXPqt9-UweajvXx3BYi_Q05Gw2ZQvVyQGUyGt47m5v1QAA9qYAv=w180-h180-l90-rj,"Jun 17, 2025",63,16,"9,720,045"
59,SEQUÊNCIA FEITICEIRA (feat. MC Nito),https://www.youtube.com/watch?v=_zKnEm9xPWw,"PEDRO SAMPAIO, MC GW, Mc Jhey, MC Rodrigo do CN",https://lh3.googleusercontent.com/WT4Awv9ybDiuE3pfxKsYm410E-fL8-hYnn2b2HxUG6m89VKyOrmzW9LrFPiK7tYGaxUCgQRwcfZqKT0=w180-h180-l90-rj,"Aug 28, 2025",53,5,"9,699,327"
60,What's Up?,https://www.youtube.com/watch?v=6NXnxTNIWkc,4 Non Blondes,https://lh3.googleusercontent.com/g3pF3N2u1sFvtgZNjcgBoCgI3gAzLvy1jgA5IilHxtxSZ_yaEKSZ2hNkDZQvxbG16kBW1WN9XVZfoJ4=w180-h180-s-l90-rj,"Jan 1, 1992",76,4,"9,606,582"
61,NO BATIDÃO,https://www.youtube.com/watch?v=ZB0amc1TZ3Y,"ZXKAI, slxughter",https://i.ytimg.com/vi/ZB0amc1TZ3Y/default.jpg,"Sep 4, 2025",96,2,"9,437,768"
62,Coca Cola 2 (feat. Neha Kakkar),https://www.youtube.com/watch?v=mp5nanjOul8,"Tony Kakkar, Junior",https://lh3.googleusercontent.com/3vw8IUpZpYT-v0GXq4aD4ycmyYH5Zsi2us1Gd8O7obUYzNWuIa0bdYMZes33pcl_BD8LLPCm_ZTJB1Ku=w180-h180-l90-rj,"Oct 9, 2025",-,1,"9,421,118"
63,Barbaad,https://www.youtube.com/watch?v=0v5eHPfy5Lk,Jubin Nautiyal,https://lh3.googleusercontent.com/Jocz2hr1r9YJoXGYqfzqsqoTRiI4a5qISmvxIEcGX4zoxwrX3nEcvB8E5ZmZ-FnUoNDPmHhCuPdOyJA=w180-h180-l90-rj,"Jun 10, 2025",52,16,"9,389,738"
64,Takedown,https://www.youtube.com/watch?v=Ve_a9CXjlQc,"HUNTR/X, EJAE, AUDREY NUNA, REI AMI, KPop Demon Hunters Cast",https://lh3.googleusercontent.com/ogvvJ4j4vEP1XxsfAJ1wZs-O7dRUe_9Ek_8ui-A9QZ59WaNhB4DPaND_SCsa3uYb6Wq3N69w8mJOF7oE=w180-h180-l90-rj,"Jun 19, 2025",69,19,"9,380,289"
65,Thriller,https://www.youtube.com/watch?v=sOnqjkJTMaA,Michael Jackson,https://lh3.googleusercontent.com/URvHCfI2iyGAlAwqqBFeaFhU9DeKk_iuX40OIIIj8Zp0wIT3BVsJ2JRMwLLbUB9EZS7t7oDlMrI2S3OvGA=w180-h180-l90-rj,"Nov 30, 1982",-,8,"9,289,934"
66,Montagem Supersonic,https://www.youtube.com/watch?v=lM4v4sq8ypo,"KHAOS, Jmilton, MC JAJAU",https://i.ytimg.com/vi/lM4v4sq8ypo/default.jpg,"Jul 7, 2025",58,11,"9,228,554"
67,git,https://www.youtube.com/watch?v=JWLWczFtCag,Blok3,https://lh3.googleusercontent.com/AL5GFortkI-ABJdefiwQvoginRCm1hydrZbnVuDkfIHncunCZCw94GNk63KBwH4wwAz-XpXEHeSkSoE=w180-h180-l90-rj,"Jul 17, 2025",51,12,"9,192,983"
68,Blue Valentine,https://www.youtube.com/watch?v=EmeW6li6bbo,NMIXX,https://lh3.googleusercontent.com/sXqRmGk_AI1i0OF4SUDGNKz53RI2HqoafFD2zqDQaVfkRKL9BIy0tuAR0QWtu9cWUQ5VJ3eraRn8DJif=w180-h180-l90-rj,"Oct 13, 2025",55,3,"9,035,018"
69,Poison Baby (From “Thamma”),https://www.youtube.com/watch?v=JYRtKF4wknQ,"Sachin-Jigar, Jasmine Sandlas, Divya Kumar, Amitabh Bhattacharya",https://lh3.googleusercontent.com/1renKH0wnIsxKLORYC6F482TiqdVOUwSuDJWCBxHR1wuERpma_Hob0yX0fWCyAXEuNc2SDzPbfyzbKw=w180-h180-l90-rj,"Oct 13, 2025",64,4,"8,980,133"
70,Dil Ka Jo Haal Hai,https://www.youtube.com/watch?v=udgrClXV26Y,"Abhijeet Bhattacharya, Shreya Ghoshal, Lalit Pandit, RAJEEV BARNWAL",https://lh3.googleusercontent.com/1xqh-XUTsgt5I8DBxtXX4tNx4aav-xiTiI6gqVfira4nTdAza8S3WbYhVq4lsVVgWUgpvU8eeKPrUzI2zQ=w180-h180-l90-rj,"Aug 27, 2013",70,11,"8,642,985"
71,Tiroteo (Remix),https://www.youtube.com/watch?v=VEfkNHTjgs8,"Marc Seguí, Rauw Alejandro, Pol Granch",https://lh3.googleusercontent.com/bXtpYPGbSXsU1ibAnJ9Blx5AFvp_voU74m5ZNLrqRSSyDQvECBscB7Y1c4RiQ_d6N7QKOuY62fBuw4c=w180-h180-l90-rj,"Jan 14, 2021",62,12,"8,613,390"
72,Eu Me Apaixonei,https://www.youtube.com/watch?v=HD2sMiAwpCQ,Vitinho Imperador,https://lh3.googleusercontent.com/s_vOg1v_zdUUAsHfaK4uLAccphRGI6uCfOfaMYeBr806q_tJUv2ix9eZcws1bEzA0I56n9N8F2tTE2E=w180-h180-l90-rj,"Feb 27, 2025",66,7,"8,608,034"
73,Tere Bina,https://www.youtube.com/watch?v=9JDSGhhiOwI,"A. R. Rahman, Chinmayi, Murtuza Khan, Qadir Khan",https://lh3.googleusercontent.com/x-S2zkffDNM5MlgF8twdjL2SDCnbxkFAexaKpE2-fGnGmY07jPIOyCtUbjT1HPUf6mLURYAqc2dLV_4P=w180-h180-l90-rj,"Sep 11, 2006",73,15,"8,599,962"
74,WE GO UP,https://www.youtube.com/watch?v=o9V8HrgJgIg,BABYMONSTER,https://lh3.googleusercontent.com/oPVSYOGv6P6s6q926B5ZEoo-dz_MaNLGGV29-WqQvNezNfqfwEIQVkVErSKUEb31VMuqks2USDfz2I0=w180-h180-l90-rj,"Oct 10, 2025",61,4,"8,473,740"
75,Opalite,https://www.youtube.com/watch?v=4FUIEcnvT04,Taylor Swift,https://lh3.googleusercontent.com/IGn0WKCoBHXAwi9jMtSdxxfRKiNGLcdnl-TGfA7lgphQsupUR_RuAjQv5TjFsiVOiLISZXH6RDDPUPI=w180-h180-l90-rj,"Oct 2, 2025",67,5,"8,377,919"
76,Boyfriend,https://www.youtube.com/watch?v=5GCfYLguTIs,"Karan Aujla, Ikky",https://lh3.googleusercontent.com/BzOBERVwxHIkVDpePVN8mnT0MID3cySSHcZvY84FHusBL78dxkdpWBBk8o4O5e8BaenNlHKlI9fWb_Rccw=w180-h180-l90-rj,"Aug 22, 2025",56,3,"8,324,196"
77,Meesaala Pilla,https://www.youtube.com/watch?v=F-KfKbCDBIk,"Bheems Ceciroleo, Udit Narayan, Shweta Mohan, Bhaskarabhatla",https://lh3.googleusercontent.com/gHRHEFs6JC6cWkDD5bJmXBKIp2kDLlas8r45y7JfBsp12BETD4aLKJC3QkmncPU1H70eE9Hbrvdpey498w=w180-h180-l90-rj,"Oct 14, 2025",65,3,"8,323,934"
78,November Rain,https://www.youtube.com/watch?v=8SbUC-UaAxE,Guns N' Roses,https://lh3.googleusercontent.com/pcrIVPiugsSpXJJPCaPNdp2vpHPo5UsmsoVjqlT7L1p7Lki663u9tONk-S3oqK9GvAsoj2m0AaNgNJj9Zg=w180-h180-s-l90-rj,"Sep 17, 1991",-,4,"8,192,391"
79,Baba,https://www.youtube.com/watch?v=3knHALzEC7M,Amr Diab,https://lh3.googleusercontent.com/h0kdl-YLc1Cv1433qTa76P_LC9hIeWo6B2styg7DeurhZhYWFUOl9bMboKnMWOJ8Ss8rxcX1TP9xK5k=w180-h180-l90-rj,"Jul 3, 2025",75,15,"8,157,130"
80,Haseen,https://www.youtube.com/watch?v=IltsOcCj1Ak,"Talwiinder, NDS, Rippy Grewal",https://lh3.googleusercontent.com/YlHHiMCNhM4Wg5ZmmAmsEPlKG4iX1pbng65-bgtf1Y_JeBpzNlGjK6AHGBGA739HykeG9vR6oW82bOg=w180-h180-l90-rj,"Feb 22, 2025",-,2,"8,053,658"
81,POR SUS BESOS,https://www.youtube.com/watch?v=F1sLPnWV6Jk,Tito Double P,https://lh3.googleusercontent.com/C7XPM3F-TnfHLgHhyqt7ZO0ftyWufIlCx0H5d465I-T7hAHRDy4uu2jsWhoQIJiih3FhmGADy9oSQWUh=w180-h180-l90-rj,"Jul 11, 2025",72,13,"8,040,140"
82,सईयाँ सेवा करे,https://www.youtube.com/watch?v=X8X-XyK4CYE,"Pawan Singh, Shilpi Raj",https://lh3.googleusercontent.com/H91qaoENXDezIo2A2e2aSAtr43W_hxmimLUeiPh1yrY0Dy7emSWxxNbEsWBthrG0pOruJyNP7hUO7818uA=w180-h180-l90-rj,"Aug 26, 2025",84,7,"7,960,477"
83,Tu Falta De Querer (En Vivo),https://www.youtube.com/watch?v=5R1RGl4WQP8,Mon Laferte,https://lh3.googleusercontent.com/ezx630BWuRn50VARdv-BmX34TjPJV76Nb-abyTKZ83C_C_GXHSKEuogNiTXMr5h3Svspjgaz_MTLgBD0WA=w180-h180-l90-rj,"Jan 31, 2015",-,2,"7,896,034"
84,YAMA,https://www.youtube.com/watch?v=QRHhWwdX59k,DYSTINCT,https://lh3.googleusercontent.com/OWefvSwEH9XuBWpMac-AE4eFeXIokHpRzeU-eOZ_7ZOj-cMxz0XvhQwj61eotaBBllgr3biqij8UJ-NL=w180-h180-l90-rj,"Oct 16, 2025",-,1,"7,892,289"
85,I’m Done.,https://www.youtube.com/watch?v=t5OKlU0icRs,Maan Panu,https://lh3.googleusercontent.com/DbJX9IzoLLVHw-HtmeibX5V7O47yFn3yy7XbphOt3CVnJ2eNblhM9Za5pCA5mtM_-Cp78lczxTsDTRp4=w180-h180-l90-rj,"Oct 19, 2025",-,1,"7,862,819"
86,Ya Me Enteré,https://www.youtube.com/watch?v=7TWzV05kQ4w,Reik,https://lh3.googleusercontent.com/wbIJT9yrhXaFLea_12T5DdMJmWdTFmOSN4FOe9bhfOoER2-YJK9KnwVw55GBX_GlI1yGtx8TKZoY9FsdOQ=w180-h180-l90-rj,"Apr 8, 2016",-,1,"7,789,915"
87,Starboy (feat. Daft Punk),https://www.youtube.com/watch?v=34Na4j8AVgA,The Weeknd,https://lh3.googleusercontent.com/dcxXIIlest09vnvKznWM9VWQXu1EL7lKxBzXGzwgmVjmMNBm1dEWT_0qn1xrEZYyKF_qRE1TLq8P_JY_mQ=w180-h180-l90-rj,"Sep 28, 2016",82,41,"7,781,131"
88,الحب جاني,https://www.youtube.com/watch?v=w7JBHSx5ScA,TUL8TE,https://lh3.googleusercontent.com/wiiWbS8RF8ZCpG_nuR72RXxWqnfeWPjMknD9_cWbfNUq_Qo_CzQ3JmTZf2LD9nUZT4gwoaN-iMvLOnVZ=w180-h180-l90-rj,"Oct 1, 2025",94,2,"7,729,156"
89,Pardesiya,https://www.youtube.com/watch?v=N4wK3NtVRT0,"Sonu Nigam, Krishnakali Saha, Sachin-Jigar",https://lh3.googleusercontent.com/UBoz_It010HioAY9JYi9PKsMvt4dVTSfev6mM3AQCwNtc4Lhvqn1PV953zVoiPiVDmCEeuXrXP5AfEE=w180-h180-l90-rj,"Jul 30, 2025",81,13,"7,700,120"
90,Tum Jo Aaye,https://www.youtube.com/watch?v=kTXilT_KbUM,"Pritam, Rahat Fateh Ali Khan, Tulsi Kumar",https://lh3.googleusercontent.com/uV1_lkVf1rrdlgVLlqgrLNRygItbM6sfN_SjME5K7dUAU8_L7Qk2G4bt07pMLBHZFyesL2ASHs4ChFmkpg=w180-h180-l90-rj,"Jun 29, 2010",-,18,"7,659,052"
91,Y Que Fue?,https://www.youtube.com/watch?v=16nZ6K7sim4,Don Miguelo,https://lh3.googleusercontent.com/PZ3URyhJUWJ-Wpa3ta_0RZQOkWxKKswBDIAppv3lJElUlocZLuwYmoO7iOYhJ1j2WEspcNEYUtPSZZc=w180-h180-l90-rj,"Jul 25, 2020",91,18,"7,441,288"
92,MONTAGEM COMA,https://www.youtube.com/watch?v=EmmYDU3Rjpg,"Andromeda, elysian.",https://lh3.googleusercontent.com/o6ZdoJNwVr0iiXhXxjlRzje7EOIxwwSSZjrntjQ9Wzu7-95Xu3QzFro-GGP-1FBx271-A62V3XwOiPo=w180-h180-l90-rj,"Jun 5, 2025",59,11,"7,428,558"
93,Orang Baru Lebe Gacor,https://www.youtube.com/watch?v=0VOhIR3bnXY,"Ecko Show, Juan Reza, CHESYLINO",https://lh3.googleusercontent.com/ZZLsf7tUAUMWmRdlp6ovawII1rwNlVwcvPh1Sa-QEiAKJSmTLS_wd8c5PcwSuSskxZcnzRf47WC07w7B=w180-h180-l90-rj,"Sep 20, 2025",-,1,"7,404,410"
94,Monica,https://www.youtube.com/watch?v=neOasLBWoy0,"Anirudh Ravichander, Sublahshini, Asal Kolaar, Vishnu Edavan",https://lh3.googleusercontent.com/q8U3dsJi-ANbQqN9magAqRfyG6Mb-0wzMOcYOQj-9kwajuabDZMxD-_7M39y40t3sz_YuuKpI3d7VMKP=w180-h180-l90-rj,"Sep 11, 2025",79,17,"7,403,579"
95,EYES CLOSED,https://www.youtube.com/watch?v=EN1tMeXQii0,"JISOO, ZAYN",https://lh3.googleusercontent.com/wlbXRNtyHpvDDqkX79KEn45ESSsAPCPLZxPIv9RY1fDD6woWi2Gl7HC0qqNbR18ZWd6R-4nUcctouMLk=w180-h180-l90-rj,"Oct 9, 2025",74,4,"7,379,717"
96,Chikni Chameli,https://www.youtube.com/watch?v=QcQpqWhTBCE,"Ajay-Atul, Shreya Ghoshal",https://lh3.googleusercontent.com/P5Hyl5ho2FfN0o_FUyoBqnruglASS4vDib8gF9SxGD2V74LDPaFob443NBVbpXd7FF7-S5hqlHUwZbg=w180-h180-l90-rj,"Dec 16, 2011",90,9,"7,306,546"
97,सड़िया करिया,https://www.youtube.com/watch?v=fgLhVyrg5d8,"Ankush Raja, Karishma Kakkar",https://lh3.googleusercontent.com/FRNOkrileTESMdcaAIfC2_JeCc1sSp050zn2qO7evlwWzYgY6K5mQjZovSWbwjIhR2fmOHNiLa5J7dSX=w180-h180-l90-rj,"Dec 6, 2024",99,24,"7,282,930"
98,Quralay,https://www.youtube.com/watch?v=CRM13i0dEQo,G'aybulla Tursunov,https://lh3.googleusercontent.com/XKusnCTQXXktdS9K_72iUKXpixyXEf2oiSNYiDwwjIUrvB8nbpouo3WmmtF3hbQ60dGMh35xmD_bSFY=w180-h180-l90-rj,"Oct 23, 2025",-,1,"7,263,375"
99,Alamak,https://www.youtube.com/watch?v=_GpYWnWlgkg,"Rizky Febian, Adrian Khalif",https://lh3.googleusercontent.com/wfQSFgWsIlnHsl7-H4UsZMq453tN_gHErx3UXYSRE5Iy_wyXfnn9E1KIWy5r14H62Oa1tudjS0dTs5g=w180-h180-l90-rj,"Oct 2, 2025",71,5,"7,246,678"
100,Ngapain Repot,https://www.youtube.com/watch?v=L3aAE2O8_78,"Toton Caribo, Wizz Baker, Fresly Nikijuluw",https://lh3.googleusercontent.com/hCDoUcSIXXfImARC6CZh6qycS_TxMfKEk1Hh4zONsybJwNY5Ji_O08ImiFD0t2P4fDQx-UVzUq9M0V5qrg=w180-h180-l90-rj,"Apr 12, 2025",85,7,"7,237,944"
